<?xml version="1.0" encoding="UTF-8"?>

<mule xmlns:http="http://www.mulesoft.org/schema/mule/http"
	xmlns="http://www.mulesoft.org/schema/mule/core" xmlns:doc="http://www.mulesoft.org/schema/mule/documentation"
	xmlns:spring="http://www.springframework.org/schema/beans" 
	xmlns:xsi="http://www.w3.org/2001/XMLSchema-instance"
	xsi:schemaLocation="http://www.mulesoft.org/schema/mule/http http://www.mulesoft.org/schema/mule/http/current/mule-http.xsd
http://www.springframework.org/schema/beans http://www.springframework.org/schema/beans/spring-beans-current.xsd
http://www.mulesoft.org/schema/mule/core http://www.mulesoft.org/schema/mule/core/current/mule.xsd">
	<http:listener-config name="HTTP_Listener_Configuration" host="0.0.0.0" port="8081" doc:name="HTTP Listener Configuration"/>
	<flow name="javacomponentsFlow">
		<http:listener config-ref="HTTP_Listener_Configuration" path="/hello" doc:name="HTTP"/>
		<!-- <component class="javacomponent.HelloWorldComponent" doc:name="Java">
			<logging-interceptor/>
			<spring-object/>
		</component> -->
		<component doc:name="Java" class="javacomponent.HelloWorldComponent">

<!-- <spring-object bean="helloWorldComponent"/> -->

</component>
		<object-to-string-transformer doc:name="Object to String"/>
		<logger message="#[payload]" level="INFO" doc:name="Logger"/>
	</flow>
</mule>
